<?xml version="1.0" encoding="UTF-8"?>
<project-private xmlns="http://www.netbeans.org/ns/project-private/1">
    <editor-bookmarks xmlns="http://www.netbeans.org/ns/editor-bookmarks/2" lastBookmarkId="0"/>
    <open-files xmlns="http://www.netbeans.org/ns/projectui-open-files/2">
        <group>
            <file>file:/C:/Users/Lazerstory/Documents/Scolaire/TP-S2/INFO0202/Swing/Projet/jeux/TheBimboAvecLanceurDuProf/TheBimbo_Gerfaux_Turquin_INFO0202/src/thebimbo/mainPackage/main.java</file>
            <file>file:/C:/Users/Lazerstory/Documents/Scolaire/TP-S2/INFO0202/Swing/Projet/jeux/TheBimboAvecLanceurDuProf/TheBimbo_Gerfaux_Turquin_INFO0202/src/thebimbo/interfaces/GamePanel.java</file>
            <file>file:/C:/Users/Lazerstory/Documents/Scolaire/TP-S2/INFO0202/Swing/Projet/jeux/TheBimboAvecLanceurDuProf/TheBimbo_Gerfaux_Turquin_INFO0202/src/thebimbo/decisionmakers/ia/Proba.java</file>
            <file>file:/C:/Users/Lazerstory/Documents/Scolaire/TP-S2/INFO0202/Swing/Projet/jeux/TheBimboAvecLanceurDuProf/TheBimbo_Gerfaux_Turquin_INFO0202/src/thebimbo/decisionmakers/IDecisionMaker.java</file>
            <file>file:/C:/Users/Lazerstory/Documents/Scolaire/TP-S2/INFO0202/Swing/Projet/jeux/TheBimboAvecLanceurDuProf/TheBimbo_Gerfaux_Turquin_INFO0202/src/thebimbo/decisionmakers/DecisionMaker.java</file>
            <file>file:/C:/Users/Lazerstory/Documents/Scolaire/TP-S2/INFO0202/Swing/Projet/jeux/TheBimboAvecLanceurDuProf/TheBimbo_Gerfaux_Turquin_INFO0202/src/launcher/Controller.java</file>
            <file>file:/C:/Users/Lazerstory/Documents/Scolaire/TP-S2/INFO0202/Swing/Projet/jeux/TheBimboAvecLanceurDuProf/TheBimbo_Gerfaux_Turquin_INFO0202/src/thebimbo/decisionmakers/Player.java</file>
            <file>file:/C:/Users/Lazerstory/Documents/Scolaire/TP-S2/INFO0202/Swing/Projet/jeux/TheBimboAvecLanceurDuProf/TheBimbo_Gerfaux_Turquin_INFO0202/src/thebimbo/manager/Manager.java</file>
            <file>file:/C:/Users/Lazerstory/Documents/Scolaire/TP-S2/INFO0202/Swing/Projet/jeux/TheBimboAvecLanceurDuProf/TheBimbo_Gerfaux_Turquin_INFO0202/src/thebimbo/interfaces/ImagePanel.java</file>
            <file>file:/C:/Users/Lazerstory/Documents/Scolaire/TP-S2/INFO0202/Swing/Projet/jeux/TheBimboAvecLanceurDuProf/TheBimbo_Gerfaux_Turquin_INFO0202/src/thebimbo/interfaces/GameLauncher.java</file>
        </group>
    </open-files>
</project-private>
